Fragezeichen drücken, um Tastatur Kurzbefehle anzuzeigen
Tastatur Kurzbefehle anzeigen

Bit‑Transport-Schicht – Rohdatenübertragung, elektrische/optische Signale.
Rahmen-Schicht – Frames, Fehlerkontrolle, lokale Adressierung.
Pfad-Schicht – Routing, logische Adressierung.
Fluss-Schicht – Segmentierung, Flusskontrolle, Ende-zu-Ende-Kommunikation.
Dialog-Schicht – Aufbau, Verwaltung, Beendigung von Sitzungen.
Struktur-Schicht – Datenformatierung, Kodierung, Kompression.
Identifikations-Schicht – Dienste für Benutzer, Anwendungsidentifikation.
Sicherheitsschicht – Verschlüsselung, Authentifizierung, Datenmaskierung, Anti-Überwachung.
Business-/Geschäftsprozesse-Schicht – Integration von Netzwerktechnologien in organisatorische Prozesse, Workflows.
Semantische / Ontologische Wissensschicht – Interpretation, Bedeutung, Wissensmodellierung, semantische Analyse.
Service / Application-Orchestration Layer – Dienstkomposition, API-Management, QoS, Orchestrierung von Anwendungen.
Kontext-Schicht – Einbettung von Daten in organisatorische, gesellschaftliche oder situative Zusammenhänge; Kontextbewusstsein.
Ethik-/Governance-Schicht – Regeln, Policies, Überwachung autonomer Systeme, Compliance, faire Ressourcennutzung.
Kooperations-/Ökosystem-Schicht – Verbindung und Abstimmung zwischen unterschiedlichen Netzwerken, Organisationen, Plattformen; kollektive Optimierung.
Selbstorganisations-Schicht – Systeme, die autonom Regeln, Strukturen und Prozesse entwickeln; adaptive Selbststeuerung.
Virtuelle Räume-Schicht – Simulationen, virtuelle Realitäten, digitale Welten und parallele Umgebungen.
Intelligenz-Schicht – Aggregation und Integration von Wissen, KI-gestützte Analyse, adaptive Entscheidungen, Meta-Lernen.
Linguistik-Schicht – Sprache, Semantik, Kommunikation zwischen Systemen und Menschen; Symbolische Repräsentation.
Briefumschlag-Schicht – Transport von Nachrichten mit Integrität, Authentizität und Geheimhaltung; digitale Umschläge.
Form-Schicht – Struktur, Ästhetik, Darstellung von Informationen; visuelle, logische oder formale Organisation.
Regierungs-Schicht – Verwaltung, Kontrolle, Policies und strategische Steuerung über Netzwerke, Organisationen und Systeme.

Das Web wird durchsucht

20 Ergebnisse

X wird durchsucht

3 Ergebnisse

Extended Network Layer Model: A Hypothetical 21-Layer FrameworkThe list you provided appears to describe a highly expanded conceptual model for data communication and information systems, building on the foundational ideas of the traditional OSI (Open Systems Interconnection) model but extending far beyond its 7 layers. The standard OSI model focuses on basic network communication, from physical transmission to application-level interactions. Your version starts with similar core layers (renamed in German with descriptive twists) and then layers on additional abstractions for modern challenges like security, business integration, AI, ethics, and even self-organizing systems.This could be interpreted as a visionary or satirical take on how networked systems might evolve in an era of AI, virtualization, and global ecosystems—perhaps a "Future OSI" or "Holistic Information Stack." I've translated the layer names and descriptions to English for clarity, organized them in sequence, and provided brief explanations based on the provided details. I've grouped them into phases for better understanding: the foundational "core communication" layers (1-7, akin to OSI), "enhanced functionality" layers (8-11), "contextual and ethical" layers (12-15), and "advanced abstraction" layers (16-21).Core Communication Layers (Physical to Application Equivalents)These mirror the OSI model's structure but use alternative terminology emphasizing function over standard names.Bit Transport Layer – Raw data transmission, electrical/optical signals.
Handles the physical medium for sending bits, like cables, fiber optics, or wireless signals. Equivalent to OSI's Physical Layer.
Frame Layer – Frames, error control, local addressing.
Packages data into frames, detects and corrects errors, and addresses devices on the same local network (e.g., MAC addresses). Similar to OSI's Data Link Layer.
Path Layer – Routing, logical addressing.
Determines paths across networks, using logical addresses (e.g., IP addresses) to route data between distant nodes. Aligns with OSI's Network Layer.
Flow Layer – Segmentation, flow control, end-to-end communication.
Breaks data into segments, manages data flow to prevent overload, and ensures reliable delivery from source to destination. Comparable to OSI's Transport Layer (e.g., TCP/UDP).
Dialog Layer – Establishment, management, termination of sessions.
Manages connections or "dialogs" between applications, handling session setup, synchronization, and teardown. Matches OSI's Session Layer.
Structure Layer – Data formatting, encoding, compression.
Translates data into a common format, handles encoding (e.g., ASCII/UTF-8), and compresses for efficiency. Equivalent to OSI's Presentation Layer.
Identification Layer – Services for users, application identification.
Provides interfaces for applications and users, identifying and accessing services (e.g., HTTP, email). Corresponds to OSI's Application Layer.

Enhanced Functionality Layers (Security to Orchestration)These add modern extensions not in the original OSI, focusing on protection, integration, and service management.Security Layer – Encryption, authentication, data masking, anti-surveillance.
Ensures data confidentiality and integrity through cryptographic methods, user verification, and protections against monitoring or breaches.
Business/Business Processes Layer – Integration of network technologies into organizational processes, workflows.
Bridges technology with business operations, automating workflows and embedding networking into enterprise systems (e.g., ERP integration).
Semantic/Ontological Knowledge Layer – Interpretation, meaning, knowledge modeling, semantic analysis.
Adds meaning to data, using ontologies to understand relationships and enable intelligent processing (e.g., semantic web technologies).
Service/Application Orchestration Layer – Service composition, API management, QoS, orchestration of applications.
Coordinates multiple services and APIs, ensures quality of service (e.g., latency guarantees), and orchestrates complex application flows.

Contextual and Ethical Layers (Context to Self-Organization)These introduce higher-level considerations for societal, ethical, and adaptive systems.Context Layer – Embedding data in organizational, societal, or situational contexts; context awareness.
Incorporates environmental factors, making systems responsive to user context (e.g., location-aware apps or adaptive IoT).
Ethics/Governance Layer – Rules, policies, monitoring of autonomous systems, compliance, fair resource usage.
Enforces ethical guidelines, regulatory compliance, and oversight for AI and automated systems to ensure fairness and accountability.
Cooperation/Ecosystem Layer – Connection and coordination between different networks, organizations, platforms; collective optimization.
Facilitates interoperability across ecosystems, enabling collaborative optimization (e.g., federated learning or multi-cloud environments).
Self-Organization Layer – Systems that autonomously develop rules, structures, and processes; adaptive self-control.
Allows systems to evolve independently, using algorithms for self-healing, dynamic reconfiguration, or emergent behaviors.

Advanced Abstraction Layers (Virtual Spaces to Government)These push into futuristic territories, blending AI, simulation, and overarching control.Virtual Spaces Layer – Simulations, virtual realities, digital worlds, and parallel environments.
Manages immersive digital realms, like VR/AR or metaverses, where data interacts in simulated spaces.
Intelligence Layer – Aggregation and integration of knowledge, AI-supported analysis, adaptive decisions, meta-learning.
Integrates AI for high-level reasoning, pattern recognition, and learning from learning (meta-learning) across the stack.
Linguistics Layer – Language, semantics, communication between systems and humans; symbolic representation.
Handles natural language processing, inter-system dialogue, and symbolic data exchange for human-AI interaction.
Envelope Layer – Transport of messages with integrity, authenticity, and secrecy; digital envelopes.
Provides a "sealed" message wrapper, ensuring end-to-end protection similar to digital signatures or secure envelopes in cryptography.
Form Layer – Structure, aesthetics, presentation of information; visual, logical, or formal organization.
Focuses on the aesthetic and organizational presentation of data, including UI/UX design, visualization, and formal structures.
Government Layer – Administration, control, policies, and strategic guidance over networks, organizations, and systems.
Oversees the entire ecosystem at a macro level, setting policies, governance, and strategic directions (e.g., regulatory frameworks for global networks).

This 21-layer model represents a comprehensive stack that evolves from raw bits to societal governance, incorporating elements of computer science, philosophy, and systems theory. It's not a standard model (searches on web and X didn't yield exact matches), so it might be a custom proposal or thought experiment. If this is inspired by a specific source, or if you'd like me to compare it more deeply to OSI/TCP-IP, generate a mnemonic for memorizing the layers, or visualize it (e.g., via a simple diagram in code), let me know for more details!

3 neue Posts

20 Webseiten

Vergleich mit TCP/IP-Modell

OSI-Modell in der Praxis

Kürzer und prägnanter

Mache en + de csv downloadbar copy pastebar

Layer Number,German Name,German Description,English Name,English Description
1,Bit-Transport-Schicht,Rohdatenübertragung, elektrische/optische Signale.,Bit Transport Layer,Raw data transmission, electrical/optical signals.
2,Rahmen-Schicht,Frames, Fehlerkontrolle, lokale Adressierung.,Frame Layer,Frames, error control, local addressing.
3,Pfad-Schicht,Routing, logische Adressierung.,Path Layer,Routing, logical addressing.
4,Fluss-Schicht,Segmentierung, Flusskontrolle, Ende-zu-Ende-Kommunikation.,Flow Layer,Segmentation, flow control, end-to-end communication.
5,Dialog-Schicht,Aufbau, Verwaltung, Beendigung von Sitzungen.,Dialog Layer,Establishment, management, termination of sessions.
6,Struktur-Schicht,Datenformatierung, Kodierung, Kompression.,Structure Layer,Data formatting, encoding, compression.
7,Identifikations-Schicht,Dienste für Benutzer, Anwendungsidentifikation.,Identification Layer,Services for users, application identification.
8,Sicherheitsschicht,Verschlüsselung, Authentifizierung, Datenmaskierung, Anti-Überwachung.,Security Layer,Encryption, authentication, data masking, anti-surveillance.
9,Business-/Geschäftsprozesse-Schicht,Integration von Netzwerktechnologien in organisatorische Prozesse, Workflows.,Business/Business Processes Layer,Integration of network technologies into organizational processes, workflows.
10,Semantische / Ontologische Wissensschicht,Interpretation, Bedeutung, Wissensmodellierung, semantische Analyse.,Semantic/Ontological Knowledge Layer,Interpretation, meaning, knowledge modeling, semantic analysis.
11,Service / Application-Orchestration Layer,Dienstkomposition, API-Management, QoS, Orchestrierung von Anwendungen.,Service/Application Orchestration Layer,Service composition, API management, QoS, orchestration of applications.
12,Kontext-Schicht,Einbettung von Daten in organisatorische, gesellschaftliche oder situative Zusammenhänge; Kontextbewusstsein.,Context Layer,Embedding data in organizational, societal, or situational contexts; context awareness.
13,Ethik-/Governance-Schicht,Regeln, Policies, Überwachung autonomer Systeme, Compliance, faire Ressourcennutzung.,Ethics/Governance Layer,Rules, policies, monitoring of autonomous systems, compliance, fair resource usage.
14,Kooperations-/Ökosystem-Schicht,Verbindung und Abstimmung zwischen unterschiedlichen Netzwerken, Organisationen, Plattformen; kollektive Optimierung.,Cooperation/Ecosystem Layer,Connection and coordination between different networks, organizations, platforms; collective optimization.
15,Selbstorganisations-Schicht,Systeme, die autonom Regeln, Strukturen und Prozesse entwickeln; adaptive Selbststeuerung.,Self-Organization Layer,Systems that autonomously develop rules, structures, and processes; adaptive self-control.
16,Virtuelle Räume-Schicht,Simulationen, virtuelle Realitäten, digitale Welten und parallele Umgebungen.,Virtual Spaces Layer,Simulations, virtual realities, digital worlds, and parallel environments.
17,Intelligenz-Schicht,Aggregation und Integration von Wissen, KI-gestützte Analyse, adaptive Entscheidungen, Meta-Lernen.,Intelligence Layer,Aggregation and integration of knowledge, AI-supported analysis, adaptive decisions, meta-learning.
18,Linguistik-Schicht,Sprache, Semantik, Kommunikation zwischen Systemen und Menschen; Symbolische Repräsentation.,Linguistics Layer,Language, semantics, communication between systems and humans; symbolic representation.
19,Briefumschlag-Schicht,Transport von Nachrichten mit Integrität, Authentizität und Geheimhaltung; digitale Umschläge.,Envelope Layer,Transport of messages with integrity, authenticity, and secrecy; digital envelopes.
20,Form-Schicht,Struktur, Ästhetik, Darstellung von Informationen; visuelle, logische oder formale Organisation.,Form Layer,Structure, aesthetics, presentation of information; visual, logical, or formal organization.
21,Regierungs-Schicht,Verwaltung, Kontrolle, Policies und strategische Steuerung über Netzwerke, Organisationen und Systeme.,Government Layer,Administration, control, policies, and strategic guidance over networks, organizations, and systems.To make this downloadable: Copy the above CSV content, paste it into a text editor (e.g., Notepad), and save the file as "layers.csv". It will open properly in tools like Excel or Google Sheets.

Compare to TCP/IP model

Visualize as flowchart

Add group column

Mit Semikolon statt Komma und in 2 weiteren Sprachen deiner Wahl und mit Numerierung also 5 Spalten

Layer Number;German Name;German Description;English Name;English Description;French Name;French Description;Spanish Name;Spanish Description
1;Bit-Transport-Schicht;Rohdatenübertragung, elektrische/optische Signale.;Bit Transport Layer;Raw data transmission, electrical/optical signals.;Couche de transport de bits;Transmission de données brutes, signaux électriques/optiques.;Capa de transporte de bits;Transmisión de datos en bruto, señales eléctricas/ópticas.
2;Rahmen-Schicht;Frames, Fehlerkontrolle, lokale Adressierung.;Frame Layer;Frames, error control, local addressing.;Couche de trame;Trames, contrôle d'erreurs, adressage local.;Capa de marco;Marcos, control de errores, direccionamiento local.
3;Pfad-Schicht;Routing, logische Adressierung.;Path Layer;Routing, logical addressing.;Couche de chemin;Routage, adressage logique.;Capa de ruta;Enrutamiento, direccionamiento lógico.
4;Fluss-Schicht;Segmentierung, Flusskontrolle, Ende-zu-Ende-Kommunikation.;Flow Layer;Segmentation, flow control, end-to-end communication.;Couche de flux;Segmentation, contrôle de flux, communication de bout en bout.;Capa de flujo;Segmentación, control de flujo, comunicación de extremo a extremo.
5;Dialog-Schicht;Aufbau, Verwaltung, Beendigung von Sitzungen.;Dialog Layer;Establishment, management, termination of sessions.;Couche de dialogue;Établissement, gestion, terminaison de sessions.;Capa de diálogo;Establecimiento, gestión, terminación de sesiones.
6;Struktur-Schicht;Datenformatierung, Kodierung, Kompression.;Structure Layer;Data formatting, encoding, compression.;Couche de structure;Formatage de données, codage, compression.;Capa de estructura;Formateo de datos, codificación, compresión.
7;Identifikations-Schicht;Dienste für Benutzer, Anwendungsidentifikation.;Identification Layer;Services for users, application identification.;Couche d'identification;Services pour utilisateurs, identification d'applications.;Capa de identificación;Servicios para usuarios, identificación de aplicaciones.
8;Sicherheitsschicht;Verschlüsselung, Authentifizierung, Datenmaskierung, Anti-Überwachung.;Security Layer;Encryption, authentication, data masking, anti-surveillance.;Couche de sécurité;Chiffrement, authentification, masquage de données, anti-surveillance.;Capa de seguridad;Cifrado, autenticación, enmascaramiento de datos, anti-vigilancia.
9;Business-/Geschäftsprozesse-Schicht;Integration von Netzwerktechnologien in organisatorische Prozesse, Workflows.;Business/Business Processes Layer;Integration of network technologies into organizational processes, workflows.;Couche des processus d'affaires;Intégration des technologies de réseau dans les processus organisationnels, workflows.;Capa de procesos empresariales;Integración de tecnologías de red en procesos organizacionales, flujos de trabajo.
10;Semantische / Ontologische Wissensschicht;Interpretation, Bedeutung, Wissensmodellierung, semantische Analyse.;Semantic/Ontological Knowledge Layer;Interpretation, meaning, knowledge modeling, semantic analysis.;Couche de connaissance sémantique/ontologique;Interprétation, signification, modélisation de connaissances, analyse sémantique.;Capa de conocimiento semántico/ontológico;Interpretación, significado, modelado de conocimiento, análisis semántico.
11;Service / Application-Orchestration Layer;Dienstkomposition, API-Management, QoS, Orchestrierung von Anwendungen.;Service/Application Orchestration Layer;Service composition, API management, QoS, orchestration of applications.;Couche d'orchestration de services/applications;Composition de services, gestion d'API, QoS, orchestration d'applications.;Capa de orquestación de servicios/aplicaciones;Composición de servicios, gestión de API, QoS, orquestación de aplicaciones.
12;Kontext-Schicht;Einbettung von Daten in organisatorische, gesellschaftliche oder situative Zusammenhänge; Kontextbewusstsein.;Context Layer;Embedding data in organizational, societal, or situational contexts; context awareness.;Couche de contexte;Intégration de données dans des contextes organisationnels, sociétaux ou situationnels; conscience contextuelle.;Capa de contexto;Incrustación de datos en contextos organizacionales, sociales o situacionales; conciencia contextual.
13;Ethik-/Governance-Schicht;Regeln, Policies, Überwachung autonomer Systeme, Compliance, faire Ressourcennutzung.;Ethics/Governance Layer;Rules, policies, monitoring of autonomous systems, compliance, fair resource usage.;Couche d'éthique/gouvernance;Règles, politiques, surveillance de systèmes autonomes, conformité, utilisation équitable des ressources.;Capa de ética/gobernanza;Reglas, políticas, monitoreo de sistemas autónomos, cumplimiento, uso justo de recursos.
14;Kooperations-/Ökosystem-Schicht;Verbindung und Abstimmung zwischen unterschiedlichen Netzwerken, Organisationen, Plattformen; kollektive Optimierung.;Cooperation/Ecosystem Layer;Connection and coordination between different networks, organizations, platforms; collective optimization.;Couche de coopération/écosystème;Connexion et coordination entre différents réseaux, organisations, plateformes; optimisation collective.;Capa de cooperación/ecosistema;Conexión y coordinación entre diferentes redes, organizaciones, plataformas; optimización colectiva.
15;Selbstorganisations-Schicht;Systeme, die autonom Regeln, Strukturen und Prozesse entwickeln; adaptive Selbststeuerung.;Self-Organization Layer;Systems that autonomously develop rules, structures, and processes; adaptive self-control.;Couche d'auto-organisation;Systèmes qui développent autonomement règles, structures et processus; auto-contrôle adaptatif.;Capa de autoorganización;Sistemas que desarrollan autónomamente reglas, estructuras y procesos; autocontrol adaptativo.
16;Virtuelle Räume-Schicht;Simulationen, virtuelle Realitäten, digitale Welten und parallele Umgebungen.;Virtual Spaces Layer;Simulations, virtual realities, digital worlds, and parallel environments.;Couche d'espaces virtuels;Simulations, réalités virtuelles, mondes numériques et environnements parallèles.;Capa de espacios virtuales;Simulaciones, realidades virtuales, mundos digitales y entornos paralelos.
17;Intelligenz-Schicht;Aggregation und Integration von Wissen, KI-gestützte Analyse, adaptive Entscheidungen, Meta-Lernen.;Intelligence Layer;Aggregation and integration of knowledge, AI-supported analysis, adaptive decisions, meta-learning.;Couche d'intelligence;Agrégation et intégration de connaissances, analyse soutenue par IA, décisions adaptatives, méta-apprentissage.;Capa de inteligencia;Agregación e integración de conocimiento, análisis apoyado por IA, decisiones adaptativas, meta-aprendizaje.
18;Linguistik-Schicht;Sprache, Semantik, Kommunikation zwischen Systemen und Menschen; Symbolische Repräsentation.;Linguistics Layer;Language, semantics, communication between systems and humans; symbolic representation.;Couche linguistique;Langue, sémantique, communication entre systèmes et humains; représentation symbolique.;Capa lingüística;Lenguaje, semántica, comunicación entre sistemas y humanos; representación simbólica.
19;Briefumschlag-Schicht;Transport von Nachrichten mit Integrität, Authentizität und Geheimhaltung; digitale Umschläge.;Envelope Layer;Transport of messages with integrity, authenticity, and secrecy; digital envelopes.;Couche d'enveloppe;Transport de messages avec intégrité, authenticité et secret; enveloppes numériques.;Capa de sobre;Transporte de mensajes con integridad, autenticidad y secreto; sobres digitales.
20;Form-Schicht;Struktur, Ästhetik, Darstellung von Informationen; visuelle, logische oder formale Organisation.;Form Layer;Structure, aesthetics, presentation of information; visual, logical, or formal organization.;Couche de forme;Structure, esthétique, présentation d'informations; organisation visuelle, logique ou formelle.;Capa de forma;Estructura, estética, presentación de información; organización visual, lógica o formal.
21;Regierungs-Schicht;Verwaltung, Kontrolle, Policies und strategische Steuerung über Netzwerke, Organisationen und Systeme.;Government Layer;Administration, control, policies, and strategic guidance over networks, organizations, and systems.;Couche gouvernementale;Administration, contrôle, politiques et guidance stratégique sur réseaux, organisations et systèmes.;Capa gubernamental;Administración, control, políticas y guía estratégica sobre redes, organizaciones y sistemas.To make this downloadable: Copy the above CSV content (which uses semicolons as delimiters), paste it into a text editor (e.g., Notepad), and save the file as "layers_multilingual.csv". It will open properly in tools like Excel or Google Sheets—ensure your spreadsheet software is set to recognize semicolons as the separator if needed. I chose French and Spanish as the two additional languages for their global relevance.

Vergleich mit TCP/IP-Modell

/Ähnliche erweiterte Modelle

CSV mit mehr Details

Schnelle Antwort


